timestamp,ts_PVGen,ts_WindGen,ts_NSWPrice,BODWF1_mw,COLEASF1_mw
2025-03-01 00:00:00,0.0,0.09979528857479386,118.81770999999999,11.296826666666666,0.0
2025-03-01 01:00:00,0.0,0.10481263250883391,133.8958025,11.86479,0.0
2025-03-01 02:00:00,0.0,0.09003488663133098,117.47204416666666,10.191949166666667,0.0
2025-03-01 03:00:00,0.0,0.07290872349823321,121.25066833333334,8.2532675,0.0
2025-03-01 04:00:00,0.0,0.15503852326266193,127.11767250000001,17.550360833333333,0.0
2025-03-01 05:00:00,0.0,0.3323484246171967,140.60579083333332,37.62184166666667,0.0
2025-03-01 06:00:00,0.04922178888888889,0.24442927709069492,135.57141416666667,27.669394166666667,7.3832683333333335
2025-03-01 07:00:00,0.5171091777777778,0.1778769876325088,25.87776,20.135675,77.56637666666667
2025-03-01 08:00:00,0.7860608888888888,0.15514018698468784,16.626204166666668,17.561869166666664,117.90913333333333
2025-03-01 09:00:00,0.8270466055555555,0.016222401354534746,9.563830833333334,1.8363758333333333,124.05699083333333
2025-03-01 10:00:00,0.8254978166666667,0.0,1.3162983333333331,0.0,123.8246725
2025-03-01 11:00:00,0.8186083777777777,9.938898704358068e-05,-18.076475,0.011250833333333333,122.79125666666665
2025-03-01 12:00:00,0.8102235388888889,0.00853843492343934,-18.60043,0.9665508333333334,121.53353083333333
2025-03-01 13:00:00,0.7739452055555557,0.0261106890459364,7.5274525,2.9557300000000004,116.09178083333335
2025-03-01 14:00:00,0.6627832388888889,0.04051245583038869,58.295050833333335,4.58601,99.41748583333333
2025-03-01 15:00:00,0.6027809555555557,0.04888986307420495,46.9961825,5.5343325000000005,90.41714333333334
2025-03-01 16:00:00,0.3069428555555555,0.06785054475853945,44.358381666666666,7.680681666666666,46.04142833333333
2025-03-01 17:00:00,0.4198901388888889,0.04930514575971732,141.21472166666666,5.581342500000001,62.98352083333333
2025-03-01 18:00:00,0.027880138888888892,0.21442843786808008,214.21713333333332,24.273299166666664,4.1820208333333335
2025-03-01 19:00:00,0.0,0.1977106301531213,138.573045,22.38084333333333,0.0
2025-03-01 20:00:00,0.0,0.2500599087161366,123.421695,28.306781666666666,0.0
2025-03-01 21:00:00,0.0,0.29267040636042396,122.263935,33.130289999999995,0.0
2025-03-01 22:00:00,0.0,0.2386784378680801,134.28016333333332,27.01839916666667,0.0
2025-03-01 23:00:00,0.0,0.15040333480565368,126.23971333333333,17.025657499999998,0.0
2025-03-02 00:00:00,0.0,0.12252128975265017,97.60012,13.86941,0.0
2025-03-02 01:00:00,0.0,0.11252974087161366,82.12699583333334,12.738366666666666,0.0
2025-03-02 02:00:00,0.0,0.04212352767962309,83.17481166666666,4.768383333333333,0.0
2025-03-02 03:00:00,0.0,0.0007673954652532391,78.80896166666666,0.08686916666666666,0.0
2025-03-02 04:00:00,0.0,0.010952333627797408,74.98040333333334,1.2398041666666666,0.0
2025-03-02 05:00:00,0.0,0.011816040930506477,86.6022525,1.3375758333333332,0.0
2025-03-02 06:00:00,0.04761196111111111,0.0041544095995288575,62.46276916666667,0.47027916666666664,7.141794166666666
2025-03-02 07:00:00,0.5408369611111111,0.0,14.371561666666667,0.0,81.12554416666667
2025-03-02 08:00:00,0.839829861111111,0.0,11.085155833333333,0.0,125.97447916666665
2025-03-02 09:00:00,0.8614938388888889,0.0,19.2672075,0.0,129.22407583333333
2025-03-02 10:00:00,0.855447461111111,0.008575412249705537,0.054306666666666725,0.9707366666666667,128.31711916666666
2025-03-02 11:00:00,0.8053902444444444,0.06771876472320376,-5.871760833333333,7.6657641666666665,120.80853666666667
2025-03-02 12:00:00,0.6379987833333333,0.1414549985276796,-9.564255,16.01270583333333,95.6998175
2025-03-02 13:00:00,0.7279430777777778,0.33112492638398117,-29.231880833333335,37.48334166666667,109.19146166666667
2025-03-02 14:00:00,0.66932555,0.38580568315665487,14.286015833333332,43.67320333333333,100.39883250000001
2025-03-02 15:00:00,0.7010032777777778,0.448539472909305,32.45479666666667,50.77466833333333,105.15049166666667
2025-03-02 16:00:00,0.71689175,0.49511328032979973,41.59265083333333,56.04682333333333,107.53376250000001
2025-03-02 17:00:00,0.22649347222222224,0.5154816180800942,93.56248333333333,58.35251916666667,33.974020833333334
2025-03-02 18:00:00,0.09273097222222222,0.38035224528857475,90.24002333333334,43.05587416666666,13.909645833333334
2025-03-02 19:00:00,0.0,0.18627827591283866,65.116335,21.086700833333335,0.0
2025-03-02 20:00:00,0.0,0.19654564929328625,56.346455,22.248967500000003,0.0
2025-03-02 21:00:00,0.0,0.2831796598939929,50.61425,32.0559375,0.0
2025-03-02 22:00:00,0.0,0.4680063604240282,40.98777833333333,52.97832,0.0
2025-03-02 23:00:00,0.0,0.6742923733804476,41.581740833333335,76.32989666666667,0.0
2025-03-03 00:00:00,0.0,0.7991543727915195,55.200806666666665,90.464275,0.0
2025-03-03 01:00:00,0.0,0.8082491018845701,58.5938025,91.49379833333334,0.0
2025-03-03 02:00:00,0.0,0.7714418727915194,59.10918,87.32722,0.0
2025-03-03 03:00:00,0.0,0.4973014355123675,59.212850833333334,56.2945225,0.0
2025-03-03 04:00:00,0.0,0.4896459732037691,58.13954583333333,55.42792416666666,0.0
2025-03-03 05:00:00,0.0,0.5567606816843345,82.86770416666667,63.025309166666666,0.0
2025-03-03 06:00:00,0.04516670555555556,0.5848646275029447,105.42807416666666,66.20667583333334,6.775005833333334
2025-03-03 07:00:00,0.5243877388888889,0.6180922261484099,48.828815,69.96804,78.65816083333334
2025-03-03 08:00:00,0.8261081944444445,0.5495274587750295,49.1505675,62.20650833333334,123.91622916666667
2025-03-03 09:00:00,0.8629930666666666,0.5236379048881036,54.13437,59.27581083333333,129.44896
2025-03-03 10:00:00,0.8364995833333333,0.34513217756183745,27.966281666666664,39.0689625,125.4749375
2025-03-03 11:00:00,0.8200503444444444,0.14549383097762075,44.74340083333333,16.46990166666667,123.00755166666666
2025-03-03 12:00:00,0.8069466555555554,0.062471827149587746,29.238371666666666,7.071810833333333,121.04199833333332
2025-03-03 13:00:00,0.8025635222222223,0.044063589517078915,32.079679166666665,4.9879983333333335,120.38452833333334
2025-03-03 14:00:00,0.8070573000000001,0.04058335541813899,48.301465,4.594035833333334,121.05859500000001
2025-03-03 15:00:00,0.7632829777777779,0.029278916372202594,41.029650833333335,3.3143733333333336,114.49244666666668
2025-03-03 16:00:00,0.7507171722222222,0.10250660335689045,118.92123416666668,11.603747499999999,112.60757583333333
2025-03-03 17:00:00,0.5606088388888889,0.39940306978798584,61.65192833333333,45.2124275,84.09132583333333
2025-03-03 18:00:00,0.10466544444444444,0.7701443683745582,165.38154083333333,87.1803425,15.699816666666665
2025-03-03 19:00:00,0.0,0.8154592388103651,118.35862583333333,92.30998583333333,0.0
2025-03-03 20:00:00,0.0,0.8342773630742049,93.36201249999999,94.4401975,0.0
2025-03-03 21:00:00,0.0,0.8519520980565369,74.3765175,96.44097749999999,0.0
2025-03-03 22:00:00,0.0,0.9042243374558304,80.44325333333333,102.35819500000001,0.0
2025-03-03 23:00:00,0.0,0.8453105786219082,81.57772416666667,95.68915750000001,0.0
2025-03-04 00:00:00,0.0,0.7036799175500589,81.36452416666667,79.65656666666666,0.0
2025-03-04 01:00:00,0.0,0.7548149587750296,75.18156416666666,85.44505333333335,0.0
2025-03-04 02:00:00,0.0,0.7202775176678445,71.756905,81.535415,0.0
2025-03-04 03:00:00,0.0,0.5243236160188457,73.81976916666666,59.353433333333335,0.0
2025-03-04 04:00:00,0.0,0.5876753533568905,80.36283999999999,66.52485,0.0
2025-03-04 05:00:00,0.0,0.6305415930506478,120.39889083333333,71.37730833333333,0.0
2025-03-04 06:00:00,0.03338864444444444,0.4672358657243816,143.809635,52.891099999999994,5.008296666666666
2025-03-04 07:00:00,0.4850080111111111,0.48260534452296816,9.373505,54.630925,72.75120166666666
2025-03-04 08:00:00,0.8033913166666666,0.5755819199057715,-8.042276666666666,65.15587333333333,120.5086975
2025-03-04 09:00:00,0.8549439333333333,0.526556441401649,17.931161666666668,59.60618916666667,128.24159
2025-03-04 10:00:00,0.8408865500000001,0.4576079873380447,31.083515000000002,51.801224166666664,126.13298250000001
2025-03-04 11:00:00,0.8246623888888889,0.36987528710247347,33.56447083333333,41.869882499999996,123.69935833333334
2025-03-04 12:00:00,0.8070000722222223,0.37755848056537106,30.26227833333333,42.73962,121.05001083333333
2025-03-04 13:00:00,0.8069924166666667,0.255554976442874,63.28954166666667,28.928823333333337,121.0488625
2025-03-04 14:00:00,0.7977007333333334,0.36060016061676836,36.612114999999996,40.81993818181818,119.65511000000001
2025-03-04 15:00:00,0.7774509722222221,0.396449042991755,42.09222166666667,44.878031666666665,116.61764583333333
2025-03-04 16:00:00,0.7498932055555555,0.5171859246171967,75.2862975,58.54544666666666,112.48398083333332
2025-03-04 17:00:00,0.5142175944444444,0.551392020023557,160.682705,62.41757666666666,77.13263916666666
2025-03-04 18:00:00,0.09333562222222222,0.5675412396937572,227.27205666666669,64.24566833333333,14.000343333333333
2025-03-04 19:00:00,0.0,0.5678324425795053,196.8230583333333,64.2786325,0.0
2025-03-04 20:00:00,0.0,0.6136650839222615,135.21037083333331,69.4668875,0.0
2025-03-04 21:00:00,0.0,0.5679726810954063,109.45745833333332,64.2945075,0.0
2025-03-04 22:00:00,0.0,0.7424102915194346,98.14080083333333,84.040845,0.0
2025-03-04 23:00:00,0.0,0.7317453327444052,101.74997583333334,82.83357166666667,0.0
2025-03-05 00:00:00,0.0,0.6097710762661955,94.16617666666667,69.02608583333334,0.0
2025-03-05 01:00:00,0.0,0.6097525912838634,92.12951916666667,69.02399333333334,0.0
2025-03-05 02:00:00,0.0,0.49814433892815074,84.75828583333333,56.389939166666665,0.0
2025-03-05 03:00:00,0.0,0.5420830904004712,79.66481416666666,61.36380583333334,0.0
2025-03-05 04:00:00,0.0,0.5946805138398116,76.78980166666666,67.31783416666667,0.0
2025-03-05 05:00:00,0.0,0.7427862558892815,101.49078666666666,84.08340416666667,0.0
2025-03-05 06:00:00,0.03233577777777778,0.6340010527090695,129.28368083333334,71.76891916666666,4.850366666666667
2025-03-05 07:00:00,0.4798390055555555,0.5991184628975263,39.76416416666667,67.82020999999999,71.97585083333333
2025-03-05 08:00:00,0.7986076166666666,0.6719824941107184,31.511957499999998,76.06841833333333,119.79114249999999
2025-03-05 09:00:00,0.8395018,0.6242267888692579,11.768548333333333,70.66247249999999,125.92527
2025-03-05 10:00:00,0.8180514166666667,0.3920419316843345,-17.882302499999998,44.379146666666664,122.7077125
2025-03-05 11:00:00,0.8008278111111111,0.24214712161366317,-27.248883333333335,27.41105416666667,120.12417166666667
2025-03-05 12:00:00,0.7938391777777777,0.21712508833922262,-1.588048333333333,24.57856,119.07587666666666
2025-03-05 13:00:00,0.7891660888888888,0.1958583922261484,13.585547499999999,22.17117,118.37491333333332
2025-03-05 14:00:00,0.7837186277777778,0.13416165341578326,38.82827,15.187099166666664,117.55779416666667
2025-03-05 15:00:00,0.7585031,0.16007435954063604,51.78129666666667,18.1204175,113.775465
2025-03-05 16:00:00,0.6684405277777778,0.1753636925795053,79.87647166666666,19.85117,100.26607916666667
2025-03-05 17:00:00,0.4216639888888889,0.28065403415783274,175.0214341666667,31.770036666666666,63.24959833333333
2025-03-05 18:00:00,0.06305599444444444,0.3151005226737338,299.890065,35.669379166666666,9.458399166666666
2025-03-05 19:00:00,0.0,0.3854666593050648,174.78060000000002,43.63482583333334,0.0
2025-03-05 20:00:00,0.0,0.5117587014134275,162.49026083333334,57.931084999999996,0.0
2025-03-05 21:00:00,0.0,0.49600088339222614,163.40682833333332,56.1473,0.0
2025-03-05 22:00:00,0.0,0.4336677340989399,154.7632625,49.0911875,0.0
2025-03-05 23:00:00,0.0,0.5761382067137809,111.86278666666668,65.218845,0.0
2025-03-06 00:00:00,0.0,0.7199801310365135,94.52079583333334,81.50175083333333,0.0
2025-03-06 01:00:00,0.0,0.7136961351590105,85.85550166666667,80.7904025,0.0
2025-03-06 02:00:00,0.0,0.7805412028857479,78.8947925,88.35726416666667,0.0
2025-03-06 03:00:00,0.0,0.7926346068904594,76.1902125,89.72623750000001,0.0
2025-03-06 04:00:00,0.0,0.6853795421083627,81.83947666666667,77.58496416666667,0.0
2025-03-06 05:00:00,0.0,0.5437103798586572,118.88787083333334,61.548015,0.0
2025-03-06 06:00:00,0.02294766666666667,0.23923779446407537,142.5956975,27.08171833333333,3.4421500000000003
2025-03-06 07:00:00,0.4126688,0.3464959363957597,13.472893333333333,39.22334,61.90032
2025-03-06 08:00:00,0.7023880499999999,0.5895352473498232,0.3077241666666666,66.73539,105.35820749999999
2025-03-06 09:00:00,0.7881742666666667,0.6026734246171968,13.193454166666667,68.22263166666667,118.22614
2025-03-06 10:00:00,0.8097199722222221,0.40444814487632513,-11.7432175,45.783530000000006,121.45799583333333
2025-03-06 11:00:00,0.8079995555555556,0.3805556389870436,-24.796689999999998,43.078898333333335,121.19993333333333
2025-03-06 12:00:00,0.8006828333333333,0.34705529299175497,-26.752571666666668,39.28665916666667,120.102425
2025-03-06 13:00:00,0.8033875055555556,0.32911242638398114,-24.52877666666667,37.25552666666667,120.50812583333334
2025-03-06 14:00:00,0.7929465166666667,0.41013117638398117,31.900705000000002,46.42684916666667,118.94197750000001
2025-03-06 15:00:00,0.7731097944444445,0.5138605123674912,58.29400916666666,58.16901000000001,115.96646916666667
2025-03-06 16:00:00,0.7319447833333333,0.6520687573616019,53.085195,73.81418333333333,109.7917175
2025-03-06 17:00:00,0.5137216666666666,0.6779983583627798,90.09636499999999,76.74941416666667,77.05825
2025-03-06 18:00:00,0.07077706111111111,0.719853769140165,202.87636166666667,81.48744666666667,10.616559166666667
2025-03-06 19:00:00,0.0,0.6975839148998821,164.58755416666668,78.96649916666667,0.0
2025-03-06 20:00:00,0.0,0.48922221731448756,98.63491499999999,55.379954999999995,0.0
2025-03-06 21:00:00,0.0,0.44091328769140165,91.14619666666665,49.911384166666664,0.0
2025-03-06 22:00:00,0.0,0.40165284893992936,99.43507416666667,45.4671025,0.0
2025-03-06 23:00:00,0.0,0.5883271422261483,83.07841166666667,66.5986325,0.0
2025-03-07 00:00:00,0.0,0.807772946113074,78.14936,91.43989749999999,0.0
2025-03-07 01:00:00,0.0,0.7699779446407538,74.37517583333333,87.16150333333333,0.0
2025-03-07 02:00:00,0.0,0.7877790488810364,62.80004666666667,89.17658833333333,0.0
2025-03-07 03:00:00,0.0,0.8501029593639576,59.42942416666667,96.231655,0.0
2025-03-07 04:00:00,0.0,0.830287816548881,65.22342083333334,93.98858083333333,0.0
2025-03-07 05:00:00,0.0,0.759627363074205,76.3966375,85.9898175,0.0
2025-03-07 06:00:00,0.03138971666666667,0.6358809997055359,81.49489416666667,71.98172916666667,4.708457500000001
2025-03-07 07:00:00,0.44150072222222214,0.6551213780918728,12.1652275,74.15974,66.22510833333332
2025-03-07 08:00:00,0.7276684222222222,0.691720597762073,16.656760833333333,78.30277166666666,109.15026333333333
2025-03-07 09:00:00,0.7986190555555556,0.6697203695524147,-18.77396,75.81234583333334,119.79285833333334
2025-03-07 10:00:00,0.8248302388888888,0.8301183230270908,-28.086495833333334,93.96939416666667,123.72453583333333
2025-03-07 11:00:00,0.8277180055555555,0.6260312279151944,-27.897724166666666,70.866735,124.15770083333332
2025-03-07 12:00:00,0.8185626055555555,0.5023988957597173,-29.399415833333336,56.871555,122.78439083333332
2025-03-07 13:00:00,0.8197794944444445,0.7063442358657244,-27.891089166666664,79.9581675,122.96692416666667
2025-03-07 14:00:00,0.8136644611111111,0.5875243080094228,-27.926041666666666,66.50775166666666,122.04966916666666
2025-03-07 15:00:00,0.8078393222222222,0.6204159673144877,5.723699166666667,70.2310875,121.17589833333334
2025-03-07 16:00:00,0.7724422111111111,0.7809372128975265,42.84280583333333,88.4020925,115.86633166666667
2025-03-07 17:00:00,0.5289463666666666,0.7212884128386338,97.67980916666666,81.64984833333334,79.341955
2025-03-07 18:00:00,0.0791084888888889,0.6830973939929328,134.15303666666668,77.32662499999999,11.866273333333334
2025-03-07 19:00:00,0.0,0.5247088486454652,119.4037275,59.39704166666667,0.0
2025-03-07 20:00:00,0.0,0.5532611896348646,104.11363166666666,62.62916666666667,0.0
2025-03-07 21:00:00,0.0,0.610800449057715,86.92393750000001,69.14261083333334,0.0
2025-03-07 22:00:00,0.0,0.38524015017667845,79.36300250000001,43.609185000000004,0.0
2025-03-07 23:00:00,0.0,0.5991770244405183,76.327945,67.82683916666667,0.0
2025-03-08 00:00:00,0.0,0.4160453769140165,66.99152500000001,47.096336666666666,0.0
2025-03-08 01:00:00,0.0,0.42840226737338044,67.18451,48.49513666666667,0.0
2025-03-08 02:00:00,0.0,0.4057024808598351,63.64891,45.92552083333334,0.0
2025-03-08 03:00:00,0.0,0.36992460983510006,57.07591166666666,41.87546583333333,0.0
2025-03-08 04:00:00,0.0,0.470451847762073,52.18178666666666,53.25514916666666,0.0
2025-03-08 05:00:00,0.0,0.5370472762073027,35.99870333333333,60.79375166666667,0.0
2025-03-08 06:00:00,0.023775461111111108,0.6235210100117785,34.59951916666667,70.58257833333333,3.5663191666666663
2025-03-08 07:00:00,0.4893415722222222,0.672054910188457,-24.695423333333334,76.07661583333334,73.40123583333333
2025-03-08 08:00:00,0.8309490944444444,0.7691273262661956,-24.710876666666667,87.06521333333335,124.64236416666667
2025-03-08 09:00:00,0.8661669222222222,0.7963236381036514,-19.937405833333333,90.14383583333334,129.92503833333333
2025-03-08 10:00:00,0.8536049444444445,0.8387214590694935,13.666685833333332,94.94326916666667,128.04074166666666
2025-03-08 11:00:00,0.82488365,0.7166424322732626,-1.770723333333333,81.12392333333334,123.7325475
2025-03-08 12:00:00,0.8045624222222223,0.6952801825677268,-0.2305891666666664,78.70571666666667,120.68436333333334
2025-03-08 13:00:00,0.8007820222222222,0.7136452959363957,0.5699508333333329,80.78464749999999,120.11730333333333
2025-03-08 14:00:00,0.8086633,0.7400880521201414,-16.629181666666668,83.7779675,121.299495
2025-03-08 15:00:00,0.8107805,0.7778291077738515,-8.170278333333334,88.05025499999999,121.617075
2025-03-08 16:00:00,0.7699511777777778,0.7747703253828033,2.38911,87.70400083333334,115.49267666666667
2025-03-08 17:00:00,0.5309453000000001,0.7848250294464074,72.45499916666667,88.84219333333333,79.641795
2025-03-08 18:00:00,0.07733081666666668,0.8101906802120142,95.80744,91.71358500000001,11.5996225
2025-03-08 19:00:00,0.0,0.7487143330388693,97.99545083333334,84.7544625,0.0
2025-03-08 20:00:00,0.0,0.741972644287397,89.44818916666667,83.99130333333333,0.0
2025-03-08 21:00:00,0.0,0.7905111749116608,84.14581249999999,89.485865,0.0
2025-03-08 22:00:00,0.0,0.7084476295641933,79.79574166666667,80.19627166666668,0.0
2025-03-08 23:00:00,0.0,0.7244134717314488,77.51699666666667,82.00360500000001,0.0
2025-03-09 00:00:00,0.0,0.69806007803298,75.74831416666667,79.02040083333334,0.0
2025-03-09 01:00:00,0.0,0.6972556831566549,81.10105916666667,78.92934333333334,0.0
2025-03-09 02:00:00,0.0,0.588955874558304,76.53769583333333,66.66980500000001,0.0
2025-03-09 03:00:00,0.0,0.5893919611307421,76.76564,66.71917,0.0
2025-03-09 04:00:00,0.0,0.7238602841578328,66.88722583333333,81.94098416666667,0.0
2025-03-09 05:00:00,0.0,0.6847076855123675,59.39231916666666,77.50891,0.0
2025-03-09 06:00:00,0.010999844444444445,0.6287201928739694,47.813939166666664,71.17112583333333,1.6499766666666666
2025-03-09 07:00:00,0.47882811111111107,0.7561463265606595,-3.0943316666666667,85.59576416666665,71.82421666666666
2025-03-09 08:00:00,0.4640459277777778,0.7712461498822144,7.140044166666666,87.30506416666667,69.60688916666668
2025-03-09 09:00:00,0.6792210222222221,0.7239034010600707,-16.884265000000003,81.945865,101.88315333333333
2025-03-09 10:00:00,0.7975509333333333,0.6620479387514723,-20.426334166666667,74.94382666666667,119.63264
2025-03-09 11:00:00,0.7230525888888889,0.6114584290341578,-3.56653,69.21709416666667,108.45788833333334
2025-03-09 12:00:00,0.6981155055555556,0.47168461425206126,7.92532,53.39469833333334,104.71732583333333
2025-03-09 13:00:00,0.6320096055555555,0.45537513250883394,8.438874166666666,51.548465,94.80144083333333
2025-03-09 14:00:00,0.28039215,0.40336485571260305,56.800338333333336,45.66090166666667,42.0588225
2025-03-09 15:00:00,0.04110589444444445,0.41488038869257954,56.7485025,46.96446,6.165884166666667
2025-03-09 16:00:00,0.0003337888888888889,0.4205126030624264,29.427705833333334,47.60202666666667,0.05006833333333333
2025-03-09 17:00:00,0.0,0.577697636925795,71.12385166666667,65.3953725,0.0
2025-03-09 18:00:00,0.0,0.5316354461130741,96.27996250000001,60.1811325,0.0
2025-03-09 19:00:00,0.0,0.4912701413427562,66.72352166666667,55.61178,0.0
2025-03-09 20:00:00,0.0,0.6215069714369847,67.07124916666668,70.35458916666667,0.0
2025-03-09 21:00:00,0.0,0.7684754932273261,83.2604275,86.99142583333332,0.0
2025-03-09 22:00:00,0.0,0.748198093345112,84.17061166666666,84.69602416666667,0.0
2025-03-09 23:00:00,0.0,0.7782790709658423,77.97455083333334,88.10119083333335,0.0
2025-03-10 00:00:00,0.0,0.6646552488221437,81.78063833333333,75.23897416666667,0.0
2025-03-10 01:00:00,0.0,0.5871591136631331,72.1057675,66.46641166666667,0.0
2025-03-10 02:00:00,0.0,0.49770978356890455,75.20239,56.3407475,0.0
2025-03-10 03:00:00,0.0,0.45639217461719667,68.21659749999999,51.66359416666666,0.0
2025-03-10 04:00:00,0.0,0.4158835615429918,65.08331833333334,47.07801916666667,0.0
2025-03-10 05:00:00,0.0,0.5169871245583039,77.76413916666667,58.5229425,0.0
2025-03-10 06:00:00,0.001390477777777778,0.5141070892226148,87.94603666666666,58.1969225,0.20857166666666668
2025-03-10 07:00:00,0.09105440000000001,0.43247039163722023,83.3145775,48.95564833333333,13.65816
2025-03-10 08:00:00,0.17828259444444444,0.34505976884570083,74.66181999999999,39.060765833333335,26.742389166666666
2025-03-10 09:00:00,0.6605592555555556,0.2165272011189635,73.78944333333332,24.51087916666667,99.08388833333333
2025-03-10 10:00:00,0.7431067388888889,0.12317158421672557,74.80603666666667,13.943023333333334,111.46601083333333
2025-03-10 11:00:00,0.5691081166666667,0.1418094007656066,75.7429475,16.052824166666667,85.3662175
2025-03-10 12:00:00,0.6321087944444445,0.1299517594228504,62.20404583333334,14.710539166666665,94.81631916666667
2025-03-10 13:00:00,0.7674525055555557,0.12325630889281505,69.3074775,13.952614166666665,115.11787583333334
2025-03-10 14:00:00,0.6950064777777777,0.18119005447585393,72.92475083333333,20.510714166666666,104.25097166666666
2025-03-10 15:00:00,0.49744027777777783,0.1927764796819788,69.86242916666667,21.8222975,74.61604166666667
2025-03-10 16:00:00,0.40117112777777775,0.25150382067137805,75.60404083333333,28.470232499999998,60.175669166666665
2025-03-10 17:00:00,0.4956053944444444,0.28415198027090693,79.33877416666667,32.16600416666667,74.34080916666666
2025-03-10 18:00:00,0.06316853888888889,0.4125273851590106,89.42648583333333,46.698100000000004,9.475280833333333
2025-03-10 19:00:00,0.0,0.49613339222614833,79.59871583333333,56.162299999999995,0.0
2025-03-10 20:00:00,0.0,0.6830943094817431,69.31248000000001,77.32627583333333,0.0
2025-03-10 21:00:00,0.0,0.801216202885748,74.0685075,90.69767416666667,0.0
2025-03-10 22:00:00,0.0,0.5966899072438163,75.967595,67.5452975,0.0
2025-03-10 23:00:00,0.0,0.42064819640753826,71.83557416666666,47.617375833333334,0.0
2025-03-11 00:00:00,0.0,0.4593631478209659,73.49895416666666,51.99990833333334,0.0
2025-03-11 01:00:00,0.0,0.18731686542991755,72.95789166666667,21.204269166666666,0.0
2025-03-11 02:00:00,0.0,0.19681532685512365,81.44013833333334,22.279494999999997,0.0
2025-03-11 03:00:00,0.0,0.27909921230859835,77.65498166666667,31.594030833333335,0.0
2025-03-11 04:00:00,0.0,0.3587850338633687,95.39474916666666,40.614465833333334,0.0
2025-03-11 05:00:00,0.0,0.2582346731448763,121.72289,29.232165,0.0
2025-03-11 06:00:00,0.01705577222222222,0.3294807273262662,189.99546,37.29721833333333,2.5583658333333332
2025-03-11 07:00:00,0.42227435,0.2204674249116608,92.08178583333334,24.9569125,63.3411525
2025-03-11 08:00:00,0.6374418277777777,0.182769515606596,65.80057416666666,20.689509166666667,95.61627416666666
2025-03-11 09:00:00,0.5849927388888889,0.16346291224970555,59.75822083333333,18.504001666666667,87.74891083333334
2025-03-11 10:00:00,0.81433205,0.12113749263839811,51.20232583333333,13.712764166666666,122.1498075
2025-03-11 11:00:00,0.7919508666666666,0.060055624263839806,78.3753425,6.798296666666666,118.79262999999999
2025-03-11 12:00:00,0.7805523888888889,0.010849094522968197,60.30251583333333,1.2281175,117.08285833333333
2025-03-11 13:00:00,0.7837186333333334,0.04822262956419316,69.1608125,5.458801666666666,117.557795
2025-03-11 14:00:00,0.7766651388888889,0.14625814193168432,65.3230025,16.556421666666665,116.49977083333333
2025-03-11 15:00:00,0.7735027166666668,0.17122931389870436,45.830243333333335,19.383158333333334,116.02540750000001
2025-03-11 16:00:00,0.71593805,0.21281043138987044,43.477225000000004,24.090140833333333,107.3907075
2025-03-11 17:00:00,0.3833333388888889,0.3202735129564193,95.30300083333333,36.25496166666667,57.50000083333333
2025-03-11 18:00:00,0.039723044444444446,0.34615537396937573,125.817875,39.18478833333334,5.958456666666667
2025-03-11 19:00:00,0.0,0.43803171378091876,81.80233166666666,49.585190000000004,0.0
2025-03-11 20:00:00,0.0,0.6214515164899883,76.86921,70.34831166666667,0.0
2025-03-11 21:00:00,0.0,0.434657015606596,80.46226833333334,49.20317416666666,0.0
2025-03-11 22:00:00,0.0,0.37325922408716133,79.54368666666666,42.252944166666666,0.0
2025-03-11 23:00:00,0.0,0.20698407685512368,84.30920166666667,23.4305975,0.0
2025-03-12 00:00:00,0.0,0.2374842020023557,79.60649833333333,26.883211666666668,0.0
2025-03-12 01:00:00,0.0,0.2609714222614841,74.58522166666667,29.541965,0.0
2025-03-12 02:00:00,0.0,0.18860049322732625,81.75676416666667,21.349575833333333,0.0
2025-03-12 03:00:00,0.0,0.30652820229681976,79.86452333333334,34.698992499999996,0.0
2025-03-12 04:00:00,0.0,0.42721419316843345,76.93364583333333,48.36064666666667,0.0
2025-03-12 05:00:00,0.0,0.42058501914016483,83.28662166666668,47.61022416666666,0.0
2025-03-12 06:00:00,0.013721677777777778,0.473197828327444,105.23206333333333,53.56599416666666,2.0582516666666666
2025-03-12 07:00:00,0.41438542222222224,0.5707602620730271,44.29956083333334,64.61006166666667,62.15781333333334
2025-03-12 08:00:00,0.7724422055555555,0.4515905697879858,47.47289,51.12005249999999,115.86633083333334
2025-03-12 09:00:00,0.8250553166666668,0.190198468786808,51.118567500000005,21.530466666666666,123.75829750000001
2025-03-12 10:00:00,0.8239452222222222,0.08690675795053003,54.20954583333333,9.837845,123.59178333333334
2025-03-12 11:00:00,0.7884451055555556,0.053447997644287405,57.069379999999995,6.050313333333334,118.26676583333334
2025-03-12 12:00:00,0.77066835,0.07864415488810365,60.15936333333334,8.902518333333333,115.6002525
2025-03-12 13:00:00,0.7613832333333334,0.03668858215547703,61.41288333333333,4.1531475,114.207485
2025-03-12 14:00:00,0.7615587055555556,0.007254821849234393,78.74458333333332,0.8212458333333332,114.23380583333334
2025-03-12 15:00:00,0.7224956222222222,0.028837433745583035,76.89106916666667,3.2643975,108.37434333333333
2025-03-12 16:00:00,0.6187266388888889,0.016156905182567724,105.03982500000001,1.8289616666666666,92.80899583333333
2025-03-12 17:00:00,0.40849163888888884,0.04880049322732626,184.92292416666666,5.524215833333333,61.27374583333333
2025-03-12 18:00:00,0.04816701111111111,0.05391183745583039,239.45030583333335,6.10282,7.225051666666666
2025-03-12 19:00:00,0.0,0.12893166961130742,152.00912583333334,14.595065,0.0
2025-03-12 20:00:00,0.0,0.26577149587750293,124.3088275,30.085333333333335,0.0
2025-03-12 21:00:00,0.0,0.3431089075382803,110.75809083333333,38.83992833333333,0.0
2025-03-12 22:00:00,0.0,0.4863005668433451,109.60614249999999,55.04922416666667,0.0
2025-03-12 23:00:00,0.0,0.5703072290930506,106.63955083333333,64.55877833333334,0.0
2025-03-13 00:00:00,0.0,0.5819630226737338,98.1313325,65.87821416666667,0.0
2025-03-13 01:00:00,0.0,0.5124782906360424,94.6155425,58.0125425,0.0
2025-03-13 02:00:00,0.0,0.49966834511189634,96.8068325,56.56245666666667,0.0
2025-03-13 03:00:00,0.0,0.4899618669022379,102.38200833333333,55.463683333333336,0.0
2025-03-13 04:00:00,0.0,0.41138861160188456,108.620435,46.56919083333333,0.0
2025-03-13 05:00:00,0.0,0.19282426383981155,129.11385333333334,21.827706666666668,0.0
2025-03-13 06:00:00,0.014110783333333335,0.09956645318021201,233.2880008333333,11.2709225,2.1166175000000003
2025-03-13 07:00:00,0.3544937777777778,0.09818035924617197,122.44390416666666,11.114016666666666,53.17406666666667
2025-03-13 08:00:00,0.7307812555555555,0.011750552120141342,34.77150583333333,1.3301625,109.61718833333333
2025-03-13 09:00:00,0.8084458611111112,0.013833914899882215,38.56022333333333,1.5659991666666668,121.26687916666667
2025-03-13 10:00:00,0.8062256777777778,0.0,13.536986666666666,0.0,120.93385166666667
2025-03-13 11:00:00,0.7822232388888889,0.0,11.7938525,0.0,117.33348583333333
2025-03-13 12:00:00,0.5982223222222222,0.0,3.0991733333333333,0.0,89.73334833333332
2025-03-13 13:00:00,0.5951705166666666,0.0008413648409893994,33.306158333333336,0.09524250000000001,89.2755775
2025-03-13 14:00:00,0.5288281055555555,0.004860173733804475,56.494027499999994,0.5501716666666666,79.32421583333333
2025-03-13 15:00:00,0.2468947888888889,0.0019146348645465252,87.68519500000001,0.21673666666666666,37.034218333333335
2025-03-13 16:00:00,0.24138247222222223,0.0,130.98131916666668,0.0,36.207370833333336
2025-03-13 17:00:00,0.4639467388888889,0.0,1452.4565408333335,0.0,69.59201083333333
2025-03-13 18:00:00,0.030830855555555554,0.0015864104829210837,236.01010333333332,0.17958166666666667,4.624628333333333
2025-03-13 19:00:00,0.0,0.012309916077738516,211.02023666666665,1.3934825,0.0
2025-03-13 20:00:00,0.0,0.00019030477031802123,148.42898333333332,0.021542500000000003,0.0
2025-03-13 21:00:00,0.0,0.11973447438162543,147.95304666666667,13.5539425,0.0
2025-03-13 22:00:00,0.0,0.41650302561837454,137.71636416666666,47.1481425,0.0
2025-03-13 23:00:00,0.0,0.3443139355123675,149.02609166666667,38.9763375,0.0
2025-03-14 00:00:00,0.0,0.19841021054181388,127.199005,22.460035833333333,0.0
2025-03-14 01:00:00,0.0,0.1368182641342756,113.65822416666667,15.4878275,0.0
2025-03-14 02:00:00,0.0,0.13288574057714958,115.88288999999999,15.042665833333333,0.0
2025-03-14 03:00:00,0.0,0.1171864988221437,128.667775,13.265511666666667,0.0
2025-03-14 04:00:00,0.0,0.09350512367491166,133.13123583333333,10.58478,0.0
2025-03-14 05:00:00,0.0,0.05100251766784452,152.68018416666666,5.773485,0.0
2025-03-14 06:00:00,0.009388111111111113,0.04161193315665488,195.40833166666667,4.710470833333333,1.408216666666667
2025-03-14 07:00:00,0.3923933833333333,0.01729182126030624,35.33530916666667,1.9574341666666666,58.8590075
2025-03-14 08:00:00,0.7207789611111111,3.543875147232038e-05,26.424625833333334,0.004011666666666667,108.11684416666667
2025-03-14 09:00:00,0.7847791277777777,0.011772887220259128,14.374785000000001,1.3326908333333334,117.71686916666665
2025-03-14 10:00:00,0.7682726888888889,0.02211731448763251,-8.7830375,2.50368,115.24090333333334
2025-03-14 11:00:00,0.7679484333333334,0.009661005594817432,5.913334166666666,1.0936258333333333,115.192265
2025-03-14 12:00:00,0.6611085555555556,0.0013814634864546525,31.592177500000002,0.15638166666666667,99.16628333333334
2025-03-14 13:00:00,0.5336652222222222,0.007934378680800942,63.50204666666667,0.8981716666666667,80.04978333333334
2025-03-14 14:00:00,0.6157778333333334,0.012413147820965842,100.30314083333333,1.4051683333333334,92.366675
2025-03-14 15:00:00,0.6359464388888889,0.005558215547703181,141.52276333333333,0.62919,95.39196583333334
2025-03-14 16:00:00,0.6143282222222222,0.005032766489988221,213.55291666666668,0.5697091666666666,92.14923333333333
2025-03-14 17:00:00,0.34700159444444445,0.0036320229681978803,185.80196916666668,0.41114500000000004,52.05023916666667
2025-03-14 18:00:00,0.03372052777777778,0.0,225.28310583333334,0.0,5.0580791666666665
2025-03-14 19:00:00,0.0,0.0,156.768415,0.0,0.0
2025-03-14 20:00:00,0.0,0.0,167.62531416666667,0.0,0.0
2025-03-14 21:00:00,0.0,0.0032814634864546523,129.02045416666667,0.37146166666666663,0.0
2025-03-14 22:00:00,0.0,0.0958959069493522,121.95613833333333,10.855416666666668,0.0
2025-03-14 23:00:00,0.0,0.15860581566548881,113.01386666666667,17.954178333333335,0.0
2025-03-15 00:00:00,0.0,0.14270777385159011,106.0139775,16.15452,0.0
2025-03-15 01:00:00,0.0,0.14224857921083628,104.03217833333333,16.102539166666666,0.0
2025-03-15 02:00:00,0.0,0.12874981595995288,103.06653,14.574479166666668,0.0
2025-03-15 03:00:00,0.0,0.1356825824499411,109.70716083333333,15.359268333333333,0.0
2025-03-15 04:00:00,0.0,0.13967519876325088,115.16372916666667,15.811232500000001,0.0
2025-03-15 05:00:00,0.0,0.040275161955241466,124.98812833333334,4.559148333333334,0.0
2025-03-15 06:00:00,0.008052944444444444,0.019872143698468785,119.50996666666667,2.2495266666666667,1.2079416666666667
2025-03-15 07:00:00,0.40216678333333333,0.1489671672555948,20.473513333333333,16.863083333333332,60.3250175
2025-03-15 08:00:00,0.6880026000000001,0.01187844522968198,9.3755925,1.34464,103.20039000000001
2025-03-15 09:00:00,0.7905012666666668,0.05249260895170789,-4.018188333333334,5.942163333333333,118.57519
2025-03-15 10:00:00,0.7779430833333333,0.06501903710247349,-1.2314991666666666,7.360155,116.6914625
2025-03-15 11:00:00,0.7332761222222223,0.10341036513545349,6.2849466666666665,11.706053333333335,109.99141833333334
2025-03-15 12:00:00,0.6578927222222222,0.07032453621908127,27.400030833333332,7.9607375000000005,98.68390833333332
2025-03-15 13:00:00,0.6577172611111111,0.03904316843345112,45.431000833333336,4.419686666666666,98.65758916666665
2025-03-15 14:00:00,0.7027809444444444,0.023871694640753827,84.947675,2.702275833333333,105.41714166666667
2025-03-15 15:00:00,0.4465514666666667,0.0068749631919905775,130.03685583333333,0.7782458333333334,66.98272
2025-03-15 16:00:00,0.15472267222222222,0.008640128091872791,99.21911999999999,0.9780625000000001,23.208400833333332
2025-03-15 17:00:00,0.06850157222222222,0.01295864988221437,2869.213889166667,1.4669191666666668,10.275235833333333
2025-03-15 18:00:00,0.004497588888888889,0.0328284820376914,3216.593458333333,3.7161841666666664,0.6746383333333333
2025-03-15 19:00:00,0.0,0.11573184628975264,1572.9208041666664,13.100845,0.0
2025-03-15 20:00:00,0.0,0.17079167402826853,127.74123166666668,19.3336175,0.0
2025-03-15 21:00:00,0.0,0.3018544684923439,131.80421333333334,34.16992583333333,0.0
2025-03-15 22:00:00,0.0,0.4458643772084805,138.53753166666667,50.471847499999996,0.0
2025-03-15 23:00:00,0.0,0.44387038427561837,150.2897925,50.2461275,0.0
2025-03-16 00:00:00,0.0,0.48040948910482917,142.63498666666666,54.382354166666666,0.0
2025-03-16 01:00:00,0.0,0.42685979093050647,97.15959,48.320528333333336,0.0
2025-03-16 02:00:00,0.0,0.3328893035924617,81.49657833333333,37.68306916666667,0.0
2025-03-16 03:00:00,0.0,0.39289715106007067,76.56847833333333,44.4759575,0.0
2025-03-16 04:00:00,0.0,0.3619409305064782,77.45907416666667,40.971713333333334,0.0
2025-03-16 05:00:00,0.0,0.310432972614841,66.249725,35.1410125,0.0
2025-03-16 06:00:00,0.0,0.3264743080094229,47.19131083333334,36.95689166666667,0.0
2025-03-16 07:00:00,0.07795262777777778,0.21467651648998823,-5.390683333333333,24.301381666666668,11.692894166666667
2025-03-16 08:00:00,0.22589075,0.26679776943462896,-3.1818958333333334,30.2015075,33.8836125
2025-03-16 09:00:00,0.3500534055555556,0.29420672850412244,2.130785833333333,33.304201666666664,52.50801083333334
2025-03-16 10:00:00,0.3981650944444444,0.29186446554770323,-16.232540833333335,33.039057500000006,59.72476416666667
2025-03-16 11:00:00,0.3468833388888889,0.36343411366313305,19.519411666666667,41.14074166666666,52.03250083333333
2025-03-16 12:00:00,0.33122758888888887,0.42827438898704356,11.24922,48.48066083333333,49.68413833333333
2025-03-16 13:00:00,0.2221141333333333,0.4226714664310954,0.38624333333333344,47.84641,33.317119999999996
2025-03-16 14:00:00,0.09016937222222221,0.36524471436984685,61.56040083333334,41.34570166666666,13.525405833333332
2025-03-16 15:00:00,0.08805599444444444,0.5898927635453475,13.17036,66.77586083333334,13.208399166666666
2025-03-16 16:00:00,0.04483865,0.5122579505300353,35.25015916666667,57.98759999999999,6.7257975
2025-03-16 17:00:00,0.03817045,0.4018300574204947,102.12531416666667,45.487162500000004,5.7255675
2025-03-16 18:00:00,0.0006122666666666666,0.302669640753828,99.11686416666667,34.26220333333333,0.09183999999999999
2025-03-16 19:00:00,0.0,0.4465100265017668,113.13837916666667,50.544935,0.0
2025-03-16 20:00:00,0.0,0.5767838707302708,90.09500416666667,65.29193416666666,0.0
2025-03-16 21:00:00,0.0,0.47851875736160193,69.81864833333333,54.16832333333334,0.0
2025-03-16 22:00:00,0.0,0.4192567137809187,65.62323916666666,47.45986,0.0
2025-03-16 23:00:00,0.0,0.7486819640753828,71.28022333333332,84.75079833333334,0.0
2025-03-17 00:00:00,0.0,0.8180896348645466,76.272225,92.60774666666667,0.0
2025-03-17 01:00:00,0.0,0.7477173071260306,78.14736,84.64159916666667,0.0
2025-03-17 02:00:00,0.0,0.6318914679034158,83.86166666666666,71.53011416666666,0.0
2025-03-17 03:00:00,0.0,0.6865784231448764,85.69362416666667,77.72067750000001,0.0
2025-03-17 04:00:00,0.0,0.7125527237926974,79.91449916666666,80.66096833333334,0.0
2025-03-17 05:00:00,0.0,0.38321071849234395,108.78449,43.37945333333334,0.0
2025-03-17 06:00:00,0.013946744444444444,0.21565811248527678,143.6352075,24.412498333333332,2.0920116666666666
2025-03-17 07:00:00,0.4364499944444445,0.22953286955241461,36.4811625,25.983120833333334,65.46749916666667
2025-03-17 08:00:00,0.8478942444444445,0.14363853062426385,-10.0457775,16.25988166666667,127.18413666666667
2025-03-17 09:00:00,0.8805027777777777,0.1640222688457008,-16.216809166666668,18.567320833333333,132.07541666666665
2025-03-17 10:00:00,0.869668911111111,0.11607546378091871,-24.593373333333332,13.139742499999999,130.45033666666666
2025-03-17 11:00:00,0.8641641833333333,0.026304866018845702,-27.9363025,2.9777108333333335,129.6246275
2025-03-17 12:00:00,0.843328,0.001132604534746761,-25.240363333333335,0.12821083333333333,126.49919999999999
2025-03-17 13:00:00,0.8339970888888889,0.0,11.269364999999999,0.0,125.09956333333334
2025-03-17 14:00:00,0.8399404944444445,0.0,-6.521088333333334,0.0,125.99107416666668
2025-03-17 15:00:00,0.8426642277777777,0.03582486749116608,28.5817825,4.055375000000001,126.39963416666666
2025-03-17 16:00:00,0.7942855,0.317464347762073,66.7178225,35.93696416666666,119.142825
2025-03-17 17:00:00,0.4537804166666667,0.6054379196113074,110.98790166666667,68.5355725,68.0670625
2025-03-17 18:00:00,0.03572709444444444,0.7835136704946996,108.22083416666668,88.69374749999999,5.359064166666666
2025-03-17 19:00:00,0.0,0.8508318462897526,58.476236666666665,96.314165,0.0
2025-03-17 20:00:00,0.0,0.8311353504122496,65.14034666666667,94.08452166666666,0.0
2025-03-17 21:00:00,0.0,0.8699134717314487,67.37610916666667,98.474205,0.0
2025-03-17 22:00:00,0.0,0.9294297555948174,76.65872083333333,105.21144833333334,0.0
2025-03-17 23:00:00,0.0,0.9331681242638398,77.64877416666667,105.63463166666666,0.0
2025-03-18 00:00:00,0.0,0.8889519581861013,76.9254775,100.62936166666667,0.0
2025-03-18 01:00:00,0.0,0.875211277974087,77.07272166666667,99.07391666666666,0.0
2025-03-18 02:00:00,0.0,0.8737411955241461,76.68817583333333,98.90750333333334,0.0
2025-03-18 03:00:00,0.0,0.8709089222614841,79.72202750000001,98.58689,0.0
2025-03-18 04:00:00,0.0,0.8585704799764429,78.80874583333333,97.19017833333334,0.0
2025-03-18 05:00:00,0.0,0.8491845479976444,97.96199666666666,96.12769083333335,0.0
2025-03-18 06:00:00,0.0,0.9215616239693758,110.14855583333333,104.32077583333334,0.0
2025-03-18 07:00:00,0.0,0.808699042991755,77.56768583333333,91.54473166666666,0.0
2025-03-18 08:00:00,0.0,0.8165502208480565,42.058710833333336,92.433485,0.0
2025-03-18 09:00:00,0.0,0.7539397011189635,26.141809166666665,85.34597416666666,0.0
2025-03-18 10:00:00,0.0,0.6148392815076561,4.34469,69.59980666666667,0.0
2025-03-18 11:00:00,0.0,0.4473375294464076,28.951381666666666,50.63860833333334,0.0
2025-03-18 12:00:00,0.0,0.3012211498822143,71.8183975,34.098234166666664,0.0
2025-03-18 13:00:00,0.0,0.18564187279151942,66.3341125,21.01466,0.0
2025-03-18 14:00:00,0.0,0.05039999999999999,65.85495999999999,5.705279999999999,0.0
2025-03-18 15:00:00,0.0,0.09179773998822142,97.79941666666666,10.391504166666666,0.0
2025-03-18 16:00:00,0.0,0.19017073027090695,68.74364333333334,21.527326666666667,0.0
2025-03-18 17:00:00,0.0,0.2609760527090695,119.60808083333335,29.542489166666666,0.0
2025-03-18 18:00:00,0.0,0.46095957744405175,97.66642333333334,52.18062416666666,0.0
2025-03-18 19:00:00,0.0,0.7883384202002355,83.60987916666666,89.23990916666666,0.0
2025-03-18 20:00:00,0.0,0.871280285630153,88.4005525,98.62892833333332,0.0
2025-03-18 21:00:00,0.0,0.8822749852767963,110.90735583333333,99.87352833333334,0.0
2025-03-18 22:00:00,0.0,0.8768015238515902,111.01009083333334,99.2539325,0.0
2025-03-18 23:00:00,0.0,0.878596738810365,106.4819475,99.45715083333333,0.0
2025-03-19 00:00:00,0.0,0.854490047114252,92.27730166666667,96.72827333333333,0.0
2025-03-19 01:00:00,0.0,0.841137691401649,78.54777750000001,95.21678666666666,0.0
2025-03-19 02:00:00,0.0,0.8344268183156655,77.818125,94.45711583333333,0.0
2025-03-19 03:00:00,0.0,0.7730321039458186,75.89442333333334,87.50723416666666,0.0
2025-03-19 04:00:00,0.0,0.8141956198468787,84.323405,92.16694416666667,0.0
2025-03-19 05:00:00,0.0,0.7567981595995288,106.36393666666667,85.66955166666666,0.0
2025-03-19 06:00:00,0.0,0.40633887661955237,144.8461575,45.99756083333333,0.0
2025-03-19 07:00:00,0.0,0.24352472762073024,122.00842333333333,27.566999166666665,0.0
2025-03-19 08:00:00,0.0,0.15626202885747936,79.93930833333333,17.688861666666664,0.0
2025-03-19 09:00:00,0.0,0.12702395465253238,72.60034166666667,14.379111666666667,0.0
2025-03-19 10:00:00,0.0,0.09570711866902239,10.972120833333333,10.834045833333334,0.0
2025-03-19 11:00:00,0.0,0.06780969522968197,5.0381124999999995,7.6760575,0.0
2025-03-19 12:00:00,0.0,0.07006874263839812,-16.861698333333333,7.931781666666667,0.0
2025-03-19 13:00:00,0.0,0.0710395538869258,41.484136666666664,8.0416775,0.0
2025-03-19 14:00:00,0.0,0.04115272379269729,55.2303525,4.658488333333334,0.0
2025-03-19 15:00:00,0.0,0.024491931684334514,123.21988916666668,2.772486666666667,0.0
2025-03-19 16:00:00,0.0,0.017731765312131918,190.04685083333334,2.007235833333333,0.0
2025-03-19 17:00:00,0.0,0.009694913133097761,200.29039666666668,1.0974641666666667,0.0
2025-03-19 18:00:00,0.0,0.023329277090694937,279.7631425,2.640874166666667,0.0
2025-03-19 19:00:00,0.0,0.03456208038869257,179.48231333333334,3.9124274999999997,0.0
2025-03-19 20:00:00,0.0,0.05459910188457009,119.9435975,6.180618333333334,0.0
2025-03-19 21:00:00,0.0,0.06061806537102474,163.27308666666667,6.8619650000000005,0.0
2025-03-19 22:00:00,0.0,0.09328169169611308,125.89118333333333,10.559487500000001,0.0
2025-03-19 23:00:00,0.0,0.06476785188457007,120.02074750000001,7.331720833333333,0.0
2025-03-20 00:00:00,0.0,0.05156726295641931,109.28611833333333,5.837414166666666,0.0
2025-03-20 01:00:00,0.0,0.0050766637220259125,74.27541916666667,0.5746783333333333,0.0
2025-03-20 02:00:00,0.0,0.034376376619552416,57.82247666666667,3.8914058333333337,0.0
2025-03-20 03:00:00,0.0,0.021413891342756185,58.74104666666667,2.4240525,0.0
2025-03-20 04:00:00,0.0,0.03785124411071849,75.2759225,4.284760833333333,0.0
2025-03-20 05:00:00,0.0,0.0162146937573616,92.433715,1.8355033333333333,0.0
2025-03-20 06:00:00,0.0,0.025912691401649,110.55894583333333,2.933316666666667,0.0
2025-03-20 07:00:00,0.0048352000000000004,0.02762162102473498,84.37876166666666,3.1267674999999997,0.72528
2025-03-20 08:00:00,0.0869459111111111,0.0369890753828033,49.51143083333333,4.187163333333333,13.041886666666665
2025-03-20 09:00:00,0.07433051666666667,0.08936610718492344,33.249342500000004,10.116243333333333,11.1495775
2025-03-20 10:00:00,0.5557221388888889,0.06900085394581862,6.343418333333333,7.810896666666667,83.35832083333334
2025-03-20 11:00:00,0.35888075555555554,0.03243709511189635,4.480919166666666,3.671879166666667,53.83211333333333
2025-03-20 12:00:00,0.28006026666666667,0.02520539605418139,30.503959166666665,2.8532508333333335,42.00904
2025-03-20 13:00:00,0.48749905000000004,0.04226451707891637,65.66623083333333,4.784343333333333,73.1248575
2025-03-20 14:00:00,0.32949568888888886,0.024145207597173143,79.82011,2.7332375,49.42435333333333
2025-03-20 15:00:00,0.29950407777777777,0.04771025471142521,179.36893583333335,5.400800833333334,44.92561166666667
2025-03-20 16:00:00,0.44460974444444445,0.08004025323910482,160.683995,9.060556666666667,66.69146166666667
2025-03-20 17:00:00,0.042339966666666666,0.0718208038869258,210.41720333333333,8.130115,6.350995
2025-03-20 18:00:00,0.0,0.07738827296819788,152.40642,8.7603525,0.0
2025-03-20 19:00:00,0.0,0.2174302046525324,151.36078833333332,24.613099166666668,0.0
2025-03-20 20:00:00,0.0,0.20964529593639575,148.07102833333332,23.7318475,0.0
2025-03-20 21:00:00,0.0,0.1607631625441696,133.46353666666667,18.19839,0.0
2025-03-20 22:00:00,0.0,0.16917984393404004,107.66252416666667,19.15115833333333,0.0
2025-03-20 23:00:00,0.0,0.21607108362779742,106.10457333333333,24.45924666666667,0.0
2025-03-21 00:00:00,0.0,0.24548020465253237,103.8130425,27.788359166666666,0.0
2025-03-21 01:00:00,0.0,0.21232502944640755,103.86090333333334,24.035193333333336,0.0
2025-03-21 02:00:00,0.0,0.20068312720848056,101.05978416666666,22.71733,0.0
2025-03-21 03:00:00,0.0,0.16980084658421674,101.47582666666666,19.221455833333334,0.0
2025-03-21 04:00:00,0.0,0.1367404593639576,113.29123249999999,15.47902,0.0
2025-03-21 05:00:00,0.0,0.14029773998822143,160.11418166666667,15.881704166666665,0.0
2025-03-21 06:00:00,0.0,0.1397337455830389,223.74253833333333,15.817860000000001,0.0
2025-03-21 07:00:00,0.04161326111111111,0.15507240871613662,164.04947166666668,17.554196666666666,6.2419891666666665
2025-03-21 08:00:00,0.24044786666666668,0.08214983068315665,161.74032333333335,9.299360833333333,36.06718
2025-03-21 09:00:00,0.12295338333333333,0.02146164605418139,139.450975,2.4294583333333333,18.4430075
2025-03-21 10:00:00,0.25955596666666664,0.06001939782096584,105.15062999999999,6.794195833333333,38.933395
2025-03-21 11:00:00,0.3333295444444445,0.006009724676089517,89.4110475,0.6803008333333334,49.99943166666667
2025-03-21 12:00:00,0.3331693277777778,0.0005994331566548881,47.76501833333333,0.06785583333333334,49.97539916666667
2025-03-21 13:00:00,0.6661173444444445,2.8504122497055356e-05,0.615565833333334,0.0032266666666666663,99.91760166666667
2025-03-21 14:00:00,0.7542801611111111,0.0027598498233215546,10.586374166666667,0.312415,113.14202416666666
2025-03-21 15:00:00,0.5112764222222222,0.0,60.036856666666665,0.0,76.69146333333333
2025-03-21 16:00:00,0.7053368444444444,0.0,88.380215,0.0,105.80052666666667
2025-03-21 17:00:00,0.3528343666666666,0.0,193.08065083333335,0.0,52.925155
2025-03-21 18:00:00,0.017112988888888885,0.0,273.52327333333335,0.0,2.566948333333333
2025-03-21 19:00:00,0.0,0.004033451118963486,155.33417583333332,0.45658666666666664,0.0
2025-03-21 20:00:00,0.0,0.00862935070671378,152.51869916666666,0.9768425000000001,0.0
2025-03-21 21:00:00,0.0,0.014706868374558304,137.1609125,1.6648175,0.0
2025-03-21 22:00:00,0.0,0.000328989988221437,142.4266275,0.037241666666666666,0.0
2025-03-21 23:00:00,0.0,0.0,147.59452416666667,0.0,0.0
2025-03-22 00:00:00,0.0,0.006084459658421673,148.9508275,0.6887608333333334,0.0
2025-03-22 01:00:00,0.0,2.0030918727915193e-05,150.33556916666666,0.0022675,0.0
2025-03-22 02:00:00,0.0,0.0,162.40034833333334,0.0,0.0
2025-03-22 03:00:00,0.0,0.0,153.64206583333333,0.0,0.0
2025-03-22 04:00:00,0.0,0.0,155.89508750000002,0.0,0.0
2025-03-22 05:00:00,0.0,0.0,166.78797916666667,0.0,0.0
2025-03-22 06:00:00,0.005556188888888889,0.0,191.32641750000002,0.0,0.8334283333333333
2025-03-22 07:00:00,0.3793354666666667,0.0,98.4381225,0.0,56.90032
2025-03-22 08:00:00,0.8008316111111112,0.0,67.82104083333333,0.0,120.12474166666668
2025-03-22 09:00:00,0.8038948722222222,0.0,6.570884166666666,0.0,120.58423083333334
2025-03-22 10:00:00,0.8362745111111111,0.00024038574793875146,3.935115833333334,0.027211666666666665,125.44117666666666
2025-03-22 11:00:00,0.8052796111111111,0.0031589517078916374,50.06584916666666,0.3575933333333334,120.79194166666667
2025-03-22 12:00:00,0.7507171666666667,0.0,-16.386598333333335,0.0,112.607575
2025-03-22 13:00:00,0.7297779888888889,0.0,-7.580657500000001,0.0,109.46669833333334
2025-03-22 14:00:00,0.7632295666666667,0.016394994110718493,59.4403,1.8559133333333333,114.484435
2025-03-22 15:00:00,0.7886129666666667,0.003927893109540636,56.338585,0.4446375,118.291945
2025-03-22 16:00:00,0.7247768333333333,0.0018237117196702,98.42335000000001,0.20644416666666665,108.71652499999999
2025-03-22 17:00:00,0.3685587777777778,0.005713074204946996,292.0986633333333,0.64672,55.28381666666667
2025-03-22 18:00:00,0.014332033333333334,0.005846385453474676,182.65991916666667,0.6618108333333333,2.149805
2025-03-22 19:00:00,0.0,0.04951471584216726,152.6314975,5.605065833333334,0.0
2025-03-22 20:00:00,0.0,0.1394163059481743,113.77525916666667,15.781925833333332,0.0
2025-03-22 21:00:00,0.0,0.16549079063604238,100.8345725,18.7335575,0.0
2025-03-22 22:00:00,0.0,0.29704670936395755,96.18824333333333,33.6256875,0.0
2025-03-22 23:00:00,0.0,0.5758377208480564,101.66594666666667,65.18482999999999,0.0
2025-03-23 00:00:00,0.0,0.608846495877503,100.47944916666667,68.92142333333334,0.0
2025-03-23 01:00:00,0.0,0.7081887588339222,88.042845,80.1669675,0.0
2025-03-23 02:00:00,0.0,0.7679315518256772,86.04599666666667,86.92985166666666,0.0
2025-03-23 03:00:00,0.0,0.6106355638987043,85.67362833333334,69.12394583333334,0.0
2025-03-23 04:00:00,0.0,0.6173310217903416,94.41551083333333,69.88187166666667,0.0
2025-03-23 05:00:00,0.0,0.5014712529446407,96.81839666666667,56.76654583333333,0.0
2025-03-23 06:00:00,0.0,0.34599203474676093,91.0349175,39.16629833333334,0.0
2025-03-23 07:00:00,0.2541084888888889,0.32006241166077737,67.62603333333333,36.231065,38.11627333333333
2025-03-23 08:00:00,0.7284466388888889,0.359379851295642,40.661004999999996,40.68179916666667,109.26699583333334
2025-03-23 09:00:00,0.7482223055555556,0.40746533421672554,53.937375833333334,46.125075833333334,112.23334583333333
2025-03-23 10:00:00,0.7055504666666667,0.37455979093050645,57.402715,42.40016833333333,105.83256999999999
2025-03-23 11:00:00,0.6747768333333334,0.25015237043580685,56.71666083333333,28.317248333333335,101.216525
2025-03-23 12:00:00,0.7059395722222223,0.07490579358068315,66.55012583333333,8.479335833333334,105.89093583333333
2025-03-23 13:00:00,0.7345006444444444,0.06447277679623085,65.57167416666667,7.2983183333333335,110.17509666666666
2025-03-23 14:00:00,0.7485007944444445,0.10452755447585393,65.03428000000001,11.832519166666666,112.27511916666667
2025-03-23 15:00:00,0.738719761111111,0.14157057567726736,93.11012333333333,16.025789166666666,110.80796416666665
2025-03-23 16:00:00,0.6787251166666667,0.15428960541813896,74.10320666666667,17.46558333333333,101.8087675
2025-03-23 17:00:00,0.3360570666666667,0.34312586866902234,128.26837166666667,38.84184833333333,50.40856
2025-03-23 18:00:00,0.013944833333333332,0.4944337234982332,143.49302666666668,55.9698975,2.091725
2025-03-23 19:00:00,0.0,0.6941198395170789,122.859395,78.57436583333333,0.0
2025-03-23 20:00:00,0.0,0.8086728724970553,89.63216166666666,91.54176916666667,0.0
2025-03-23 21:00:00,0.0,0.8706993448174324,92.34581166666668,98.56316583333334,0.0
2025-03-23 22:00:00,0.0,0.8912726295641933,86.03613583333333,100.89206166666668,0.0
2025-03-23 23:00:00,0.0,0.8729121540047113,86.42583083333334,98.81365583333333,0.0
2025-03-24 00:00:00,0.0,0.824290437279152,92.1488,93.3096775,0.0
2025-03-24 01:00:00,0.0,0.756363641048292,85.37787916666667,85.62036416666666,0.0
2025-03-24 02:00:00,0.0,0.7293198689634864,85.35054416666667,82.55900916666667,0.0
2025-03-24 03:00:00,0.0,0.7247232184923439,85.97039416666667,82.03866833333333,0.0
2025-03-24 04:00:00,0.0,0.7024733510011778,98.46741833333333,79.51998333333333,0.0
2025-03-24 05:00:00,0.0,0.7137731964075382,126.76916166666666,80.79912583333333,0.0
2025-03-24 06:00:00,0.0,0.6375328989988222,183.59981000000002,72.16872416666666,0.0
2025-03-24 07:00:00,0.3092774833333334,0.4570008465842167,132.9816675,51.73249583333333,46.391622500000004
2025-03-24 08:00:00,0.7202792499999999,0.47311308892815074,83.71051666666666,53.556401666666666,108.04188749999999
2025-03-24 09:00:00,0.7866178444444445,0.33802530918727913,86.62857166666667,38.264465,117.99267666666667
2025-03-24 10:00:00,0.7833333222222223,0.24796423733804476,76.75172083333334,28.06955166666667,117.49999833333334
2025-03-24 11:00:00,0.7529449833333334,0.15645927561837453,74.7489025,17.71119,112.9417475
2025-03-24 12:00:00,0.6745593888888888,0.14403146348645465,77.84016749999999,16.30436166666667,101.18390833333332
2025-03-24 13:00:00,0.49938963333333336,0.057275736160188453,51.594165833333335,6.4836133333333335,74.908445
2025-03-24 14:00:00,0.5817731055555555,0.03575169316843345,41.3969025,4.047091666666667,87.26596583333333
2025-03-24 15:00:00,0.6631761666666666,0.03395878239104829,72.35533166666666,3.8441341666666666,99.47642499999999
2025-03-24 16:00:00,0.6631685388888888,0.05190088339222615,95.73366916666667,5.87518,99.47528083333333
2025-03-24 17:00:00,0.3175021,0.06865412985865725,229.63379083333334,7.7716475,47.625315
2025-03-24 18:00:00,0.010223544444444444,0.05865873822143698,128.658755,6.6401691666666665,1.5335316666666667
2025-03-24 19:00:00,0.0,0.1475957008244994,103.03113916666666,16.707833333333333,0.0
2025-03-24 20:00:00,0.0,0.3150897526501767,100.06537583333333,35.66816,0.0
2025-03-24 21:00:00,0.0,0.5739408053592461,73.52646750000001,64.97009916666666,0.0
2025-03-24 22:00:00,0.0,0.6455474234393404,73.42217000000001,73.07596833333334,0.0
2025-03-24 23:00:00,0.0,0.6932230123674911,80.15366916666666,78.47284499999999,0.0
2025-03-25 00:00:00,0.0,0.6212003386336867,75.61568083333333,70.31987833333334,0.0
2025-03-25 01:00:00,0.0,0.7683907611896348,72.28721,86.98183416666666,0.0
2025-03-25 02:00:00,0.0,0.8126608583627797,56.75035333333333,91.99320916666666,0.0
2025-03-25 03:00:00,0.0,0.8614597835689045,56.003922499999994,97.5172475,0.0
2025-03-25 04:00:00,0.0,0.7975779667255595,70.63713249999999,90.28582583333333,0.0
2025-03-25 05:00:00,0.0,0.8446063972320377,93.184725,95.60944416666666,0.0
2025-03-25 06:00:00,0.0,0.8260286292697291,122.90505416666667,93.50644083333333,0.0
2025-03-25 07:00:00,0.2928282611111111,0.6751691769729093,84.80785083333333,76.42915083333334,43.924239166666666
2025-03-25 08:00:00,0.7046654388888889,0.6081207155477032,56.72946666666667,68.839265,105.69981583333333
2025-03-25 09:00:00,0.7939421666666666,0.6208459511189633,70.62344833333333,70.27976166666666,119.091325
2025-03-25 10:00:00,0.7927214611111111,0.6685816033568904,67.4371975,75.6834375,118.90821916666665
2025-03-25 11:00:00,0.7600061,0.623047953474676,82.78410333333333,70.52902833333333,114.000915
2025-03-25 12:00:00,0.7330014444444444,0.5655872791519434,67.32679916666667,64.02448,109.95021666666666
2025-03-25 13:00:00,0.6544403666666666,0.47591299322732616,54.34284416666667,53.873350833333326,98.16605499999999
2025-03-25 14:00:00,0.23527503333333333,0.5167405845111895,91.71555166666667,58.49503416666666,35.291255
2025-03-25 15:00:00,0.5680552333333334,0.37676489988221434,97.68864500000001,42.649786666666664,85.208285
2025-03-25 16:00:00,0.4651140555555555,0.3510910630153121,111.11573750000001,39.74350833333333,69.76710833333333
2025-03-25 17:00:00,0.22605478333333331,0.24974249116607772,130.30675333333332,28.27085,33.9082175
2025-03-25 18:00:00,0.009948877777777778,0.26090360718492345,139.737925,29.534288333333336,1.4923316666666666
2025-03-25 19:00:00,0.0,0.5156125957008245,130.33813,58.36734583333333,0.0
2025-03-25 20:00:00,0.0,0.5808689193168434,112.77387499999999,65.75436166666667,0.0
2025-03-25 21:00:00,0.0,0.6190753607184923,105.33080916666667,70.07933083333333,0.0
2025-03-25 22:00:00,0.0,0.666843433451119,101.76120583333334,75.48667666666667,0.0
2025-03-25 23:00:00,0.0,0.7198306831566548,96.03105333333333,81.48483333333333,0.0
2025-03-26 00:00:00,0.0,0.7589878607184922,84.98335416666667,85.91742583333333,0.0
2025-03-26 01:00:00,0.0,0.7050606227915195,80.94517916666666,79.81286250000001,0.0
2025-03-26 02:00:00,0.0,0.6902828695524146,74.15620833333334,78.14002083333334,0.0
2025-03-26 03:00:00,0.0,0.6095738368669023,73.6603625,69.00375833333334,0.0
2025-03-26 04:00:00,0.0,0.6656198763250882,86.89974666666667,75.34817,0.0
2025-03-26 05:00:00,0.0,0.6723338265606595,122.2944925,76.10818916666666,0.0
2025-03-26 06:00:00,0.0,0.48928384864546526,167.75705166666668,55.38693166666667,0.0
2025-03-26 07:00:00,0.16962690555555557,0.35180913574793876,138.21092833333333,39.82479416666667,25.444035833333334
2025-03-26 08:00:00,0.20002286666666666,0.5711300942285041,113.43485583333334,64.65192666666667,30.003429999999998
2025-03-26 09:00:00,0.19996564444444448,0.6447800206124853,63.67716083333334,72.98909833333333,29.99484666666667
2025-03-26 10:00:00,0.20002286666666666,0.4836115945229682,38.303615,54.7448325,30.003429999999998
2025-03-26 11:00:00,0.19996564444444448,0.2559001398704358,32.92888416666667,28.967895833333333,29.99484666666667
2025-03-26 12:00:00,0.20001905555555557,0.23969391931684333,14.386837499999999,27.133351666666666,30.002858333333336
2025-03-26 13:00:00,0.20001905555555557,0.24756972173144878,-9.596145,28.024892500000004,30.002858333333336
2025-03-26 14:00:00,0.19990842222222224,0.17030782538280329,43.98369916666667,19.27884583333333,29.986263333333337
2025-03-26 15:00:00,0.19557105555555554,0.18786545936395757,59.101237499999996,21.26637,29.33565833333333
2025-03-26 16:00:00,0.19996564444444448,0.2831472982921084,81.49819416666666,32.05227416666667,29.99484666666667
2025-03-26 17:00:00,0.17690545555555556,0.2875975633097762,90.67772583333333,32.556044166666666,26.535818333333335
2025-03-26 18:00:00,0.007328144444444444,0.3048793801531213,96.30935166666666,34.512345833333335,1.0992216666666665
2025-03-26 19:00:00,0.0,0.4836716946407538,73.66436083333333,54.75163583333333,0.0
2025-03-26 20:00:00,0.0,0.6190106301531214,59.891549166666664,70.07200333333334,0.0
2025-03-26 21:00:00,0.0,0.5905137588339223,65.49168666666667,66.8461575,0.0
2025-03-26 22:00:00,0.0,0.6241990282685512,62.30261333333333,70.65933,0.0
2025-03-26 23:00:00,0.0,0.5547913648409893,60.6205675,62.8023825,0.0
2025-03-27 00:00:00,0.0,0.5836441769729094,60.404650000000004,66.06852083333334,0.0
2025-03-27 01:00:00,0.0,0.5626902974087161,56.915596666666666,63.69654166666667,0.0
2025-03-27 02:00:00,0.0,0.6231696922850412,54.4784275,70.54280916666666,0.0
2025-03-27 03:00:00,0.0,0.6780985424028269,45.29307166666666,76.760755,0.0
2025-03-27 04:00:00,0.0,0.8118842020023556,53.88444416666667,91.90529166666666,0.0
2025-03-27 05:00:00,0.0,0.8581405771495876,62.27459916666666,97.14151333333332,0.0
2025-03-27 06:00:00,0.0,0.8501060291519436,97.71434583333333,96.23200250000001,0.0
2025-03-27 07:00:00,0.0,0.7547363663133098,89.03403250000001,85.43615666666666,0.0
2025-03-27 08:00:00,0.0,0.6309407170200235,74.59501333333334,71.42248916666667,0.0
2025-03-27 09:00:00,0.0,0.6465552120141342,68.46741916666666,73.19005,0.0
2025-03-27 10:00:00,0.0,0.6580491828621908,56.057694166666664,74.4911675,0.0
2025-03-27 11:00:00,0.0,0.7828279520023557,65.81805,88.61612416666667,0.0
2025-03-27 12:00:00,0.0,0.7187612338044759,61.42925666666667,81.36377166666666,0.0
2025-03-27 13:00:00,0.0,0.6507065297408716,61.39859916666666,73.65997916666667,0.0
2025-03-27 14:00:00,0.0,0.5591691990577149,69.54810416666668,63.29795333333333,0.0
2025-03-27 15:00:00,0.0,0.43923364988221436,78.22103,49.72124916666667,0.0
2025-03-27 16:00:00,0.0,0.34847298292108364,100.60210833333333,39.44714166666667,0.0
2025-03-27 17:00:00,0.0,0.3989546378091873,139.08321166666667,45.161665,0.0
2025-03-27 18:00:00,0.0,0.46017215106007064,134.53119999999998,52.0914875,0.0
2025-03-27 19:00:00,0.0,0.406223336277974,94.1447475,45.98448166666666,0.0
2025-03-27 20:00:00,0.0,0.4055591799175501,74.89098416666667,45.90929916666667,0.0
2025-03-27 21:00:00,0.0,0.5963046746171967,76.29578416666668,67.50168916666667,0.0
2025-03-27 22:00:00,0.0,0.43641063015312126,78.114685,49.40168333333333,0.0
2025-03-27 23:00:00,0.0,0.5447258465842167,75.63904833333333,61.66296583333334,0.0
2025-03-28 00:00:00,0.0,0.7311782464664311,71.94286166666667,82.7693775,0.0
2025-03-28 01:00:00,0.0,0.6418891784452296,66.78683166666667,72.661855,0.0
2025-03-28 02:00:00,0.0,0.6727668212603062,71.0543575,76.15720416666666,0.0
2025-03-28 03:00:00,0.0,0.6387641342756183,61.54831166666667,72.3081,0.0
2025-03-28 04:00:00,0.0,0.667339598056537,64.7692725,75.54284249999999,0.0
2025-03-28 05:00:00,0.0,0.7890827075971731,69.98383666666666,89.3241625,0.0
2025-03-28 06:00:00,0.0,0.8932820524146055,94.76039666666667,101.11952833333334,0.0
2025-03-28 07:00:00,0.0,0.9054263030035336,102.12613750000001,102.4942575,0.0
2025-03-28 08:00:00,0.0,0.9058254196113075,95.76749666666667,102.5394375,0.0
2025-03-28 09:00:00,0.0,0.8640085320965842,93.7614325,97.80576583333334,0.0
2025-03-28 10:00:00,0.0,0.7899410188457009,73.26314916666666,89.42132333333335,0.0
2025-03-28 11:00:00,0.0,0.8199942358657243,72.44473,92.8233475,0.0
2025-03-28 12:00:00,0.0,0.7509255889281508,70.5700125,85.00477666666667,0.0
2025-03-28 13:00:00,0.0,0.7803454946996466,74.85976916666668,88.33511,0.0
2025-03-28 14:00:00,0.0,0.7325358289163723,92.73989166666667,82.92305583333334,0.0
2025-03-28 15:00:00,0.0,0.7382666298586572,129.6533225,83.5717825,0.0
2025-03-28 16:00:00,0.0,0.6765051899293286,118.46201333333333,76.5803875,0.0
2025-03-28 17:00:00,0.0,0.8365517888692579,130.41134166666666,94.69766249999999,0.0
2025-03-28 18:00:00,0.0,0.8111198910482922,129.79570583333333,91.81877166666668,0.0
2025-03-28 19:00:00,0.0,0.8486791224970553,91.78061000000001,96.07047666666666,0.0
2025-03-28 20:00:00,0.0,0.8616492932862191,94.526305,97.5387,0.0
2025-03-28 21:00:00,0.0,0.8164901280918729,100.907785,92.42668250000001,0.0
2025-03-28 22:00:00,0.0,0.872440628680801,95.42163749999999,98.76027916666668,0.0
2025-03-28 23:00:00,0.0,0.8823720774440518,87.85047333333334,99.88451916666666,0.0
2025-03-29 00:00:00,0.0,0.8067867196702003,83.57774416666666,91.32825666666668,0.0
2025-03-29 01:00:00,0.0,0.7178135453474676,76.89385750000001,81.25649333333332,0.0
2025-03-29 02:00:00,0.0,0.7450283642520613,75.91987583333334,84.33721083333334,0.0
2025-03-29 03:00:00,0.0,0.7826954431684335,74.44151916666667,88.60112416666668,0.0
2025-03-29 04:00:00,0.0,0.7858805948174322,75.0320875,88.96168333333333,0.0
2025-03-29 05:00:00,0.0,0.7535344302120142,78.476805,85.3000975,0.0
2025-03-29 06:00:00,0.0,0.7413624484687868,85.9798475,83.92222916666667,0.0
2025-03-29 07:00:00,0.0,0.6382417550058892,111.1299975,72.24896666666666,0.0
2025-03-29 08:00:00,0.0,0.6505647820965842,111.202705,73.64393333333334,0.0
2025-03-29 09:00:00,0.0,0.5082514796819788,91.53765083333333,57.5340675,0.0
2025-03-29 10:00:00,0.0,0.27838882508833923,86.32472250000001,31.513615,0.0
2025-03-29 11:00:00,0.0,0.19354695229681979,66.09987916666667,21.909515,0.0
2025-03-29 12:00:00,0.0,0.16003351001177854,58.35336916666666,18.115793333333333,0.0
2025-03-29 13:00:00,0.0,0.00884122497055359,48.788244999999996,1.0008266666666665,0.0
2025-03-29 14:00:00,0.0,0.0,60.60946666666666,0.0,0.0
2025-03-29 15:00:00,0.0,0.0,61.84062666666666,0.0,0.0
2025-03-29 16:00:00,0.0,0.0,72.84371333333333,0.0,0.0
2025-03-29 17:00:00,0.0,1.3869257950530035e-05,104.9764325,0.00157,0.0
2025-03-29 18:00:00,0.0,0.0018113957597173144,97.36268583333333,0.20504999999999998,0.0
2025-03-29 19:00:00,0.0,0.0017520686101295641,75.82227583333334,0.19833416666666667,0.0
2025-03-29 20:00:00,0.0,0.023947195229681983,66.76409833333334,2.7108225000000004,0.0
2025-03-29 21:00:00,0.0,0.05851466431095407,64.1821425,6.6238600000000005,0.0
2025-03-29 22:00:00,0.0,0.03298183156654888,64.1109275,3.7335433333333334,0.0
2025-03-29 23:00:00,0.0,0.06144401501766784,68.46236,6.955462499999999,0.0
2025-03-30 00:00:00,0.0,0.15608791224970553,65.6872225,17.669151666666668,0.0
2025-03-30 01:00:00,0.0,0.30484391931684335,44.957445,34.50833166666667,0.0
2025-03-30 02:00:00,0.0,0.3118907170200236,58.13077166666667,35.30602916666667,0.0
2025-03-30 03:00:00,0.0,0.24339837308598347,59.757938333333335,27.55269583333333,0.0
2025-03-30 04:00:00,0.0,0.17241431095406362,57.1599575,19.517300000000002,0.0
2025-03-30 05:00:00,0.0,0.22704884422850413,58.39765166666666,25.70192916666667,0.0
2025-03-30 06:00:00,0.0,0.37809010600706716,69.6542425,42.799800000000005,0.0
2025-03-30 07:00:00,0.0,0.3511141784452297,47.48390916666667,39.746125,0.0
2025-03-30 08:00:00,0.0,0.20316713780918727,9.656707500000001,22.99852,0.0
2025-03-30 09:00:00,0.0,0.20345684628975266,-21.51364583333333,23.031315000000003,0.0
2025-03-30 10:00:00,0.0,0.25613589517078916,-24.783038333333334,28.994583333333335,0.0
2025-03-30 11:00:00,0.0,0.15965828180212013,-24.51834583333333,18.073317499999998,0.0
2025-03-30 12:00:00,0.0,0.06921196260306242,-26.733361666666667,7.834794166666666,0.0
2025-03-30 13:00:00,0.0,0.07154035630153122,-12.855544166666666,8.098368333333333,0.0
2025-03-30 14:00:00,0.0,0.09804631183745581,22.399870833333335,11.098842499999998,0.0
2025-03-30 15:00:00,0.0,0.11503379711425206,64.47507916666667,13.021825833333333,0.0
2025-03-30 16:00:00,0.0,0.2174625515312132,91.08379583333333,24.616760833333334,0.0
2025-03-30 17:00:00,0.0,0.26932340989399295,97.8182675,30.48741,0.0
2025-03-30 18:00:00,0.0,0.31026654888103655,39.29013833333333,35.122173333333336,0.0
2025-03-30 19:00:00,0.0,0.3004398925206125,41.998959166666666,34.009795833333335,0.0
2025-03-30 20:00:00,0.0,0.22399005447585396,52.43463166666667,25.35567416666667,0.0
2025-03-30 21:00:00,0.0,0.1019772820965842,40.5928975,11.543828333333332,0.0
2025-03-30 22:00:00,0.0,0.06324538427561838,68.15744416666666,7.159377500000001,0.0
2025-03-30 23:00:00,0.0,0.05941612926972909,73.3617675,6.725905833333333,0.0
2025-03-31 00:00:00,0.0,0.07629573027090694,75.742025,8.636676666666666,0.0
2025-03-31 01:00:00,0.0,0.10243031507656067,77.64110916666667,11.595111666666668,0.0
2025-03-31 02:00:00,0.0,0.09149416224970552,77.35992083333333,10.357139166666666,0.0
2025-03-31 03:00:00,0.0,0.08453677120141342,76.93100333333332,9.5695625,0.0
2025-03-31 04:00:00,0.0,0.056112315959952884,71.84249833333332,6.351914166666667,0.0
2025-03-31 05:00:00,0.0,0.07778429770318021,82.294095,8.8051825,0.0
2025-03-31 06:00:00,0.0,0.06127142962308598,106.77173583333332,6.935925833333333,0.0
2025-03-31 07:00:00,0.16161020555555555,0.03649905035335689,54.89346416666666,4.1316925,24.241530833333332
2025-03-31 08:00:00,0.7013351666666666,0.0025656949352179034,17.83368666666667,0.2904366666666667,105.20027499999999
2025-03-31 09:00:00,0.7953917777777778,0.046910512367491164,-7.6239,5.31027,119.30876666666667
2025-03-31 10:00:00,0.6237773722222222,0.05307432273262662,-19.76919,6.008013333333333,93.56660583333333
2025-03-31 11:00:00,0.6430037277777778,0.011546370730270906,-8.038400833333332,1.3070491666666666,96.45055916666666
2025-03-31 12:00:00,0.7335583888888888,0.0025834143109540633,26.434791666666666,0.2924425,110.03375833333332
2025-03-31 13:00:00,0.7220569333333333,9.400029446407538e-05,43.513307499999996,0.010640833333333334,108.30854
2025-03-31 14:00:00,0.7296635499999999,0.008543050647820965,58.431798333333326,0.9670733333333333,109.44953249999999
2025-03-31 15:00:00,0.7063935333333333,0.1585703842756184,47.77551166666667,17.950167500000003,105.95903
2025-03-31 16:00:00,0.51511405,0.24451710836277973,64.75384416666667,27.679336666666668,77.2671075
2025-03-31 17:00:00,0.2440566166666667,0.23514194640753824,60.03192583333333,26.61806833333333,36.608492500000004
2025-03-31 18:00:00,0.002054238888888889,0.1136515753828033,80.74918333333333,12.865358333333333,0.30813583333333333
2025-03-31 19:00:00,0.0,0.1558336351590106,76.6854475,17.6403675,0.0
2025-03-31 20:00:00,0.0,0.15676127797408718,76.09682666666667,17.74537666666667,0.0
2025-03-31 21:00:00,0.0,0.27566905182567725,74.50190583333334,31.205736666666667,0.0
2025-03-31 22:00:00,0.0,0.4061632140753828,65.24515333333333,45.977675833333336,0.0
2025-03-31 23:00:00,0.0,0.34140154593639577,69.60035083333334,38.646655,0.0
